down_mean,combined_len,up_zero_ratio,mean_ratio,label
11581.358695652174,184.0,0.9782608695652174,498.5891436593355,0.0
13791.958333333334,192.0,0.96875,619.5732335049134,0.0
13791.958333333334,192.0,0.96875,619.5732335049134,0.0
13451.289156626506,166.0,0.963855421686747,611.0875752599891,0.0
13507.58426966292,178.0,0.9662921348314607,490.2834420880913,0.0
14390.408602150537,186.0,0.967741935483871,545.8026101141925,0.0
14210.402298850575,174.0,0.9770114942528736,578.523631258774,0.0
14617.218390804597,174.0,0.9770114942528736,595.0856340664483,0.0
11631.09375,192.0,0.9791666666666666,522.5011698642957,0.0
11985.538461538461,234.0,0.9487179487179487,571.6706074194863,0.0
14958.70652173913,184.0,0.9565217391304348,561.2565252854813,0.0
18728.9,180.0,0.9666666666666667,788.7697707065981,0.0
12755.396396396396,222.0,0.972972972972973,577.1907867916836,0.0
16526.264367816093,174.0,0.9655172413793104,672.8053345811886,0.0
11529.343434343435,198.0,0.9696969696969697,534.1155825924193,0.0
13152.18085106383,188.0,0.9574468085106383,578.523631258774,0.0
17007.566666666666,180.0,0.9666666666666667,624.003668976763,0.0
18235.978494623654,186.0,0.967741935483871,691.6582381729199,0.0
16408.840909090908,176.0,0.9659090909090909,675.7033224145998,0.0
14826.123595505618,178.0,0.9662921348314607,617.4660739354235,0.0
11383.274336283186,226.0,0.9734513274336283,524.3823889115369,0.0
17517.83695652174,184.0,0.967391304347826,657.276101141925,0.0
14778.866666666667,180.0,0.9666666666666667,622.4136640149743,0.0
11384.570175438597,228.0,0.9736842105263158,468.8731936416185,0.0
17133.472527472528,182.0,0.967032967032967,635.8670473083198,0.0
12226.14953271028,214.0,0.9626168224299065,612.165652784277,0.0
11249.456896551725,232.0,0.9741379310344828,531.9759478189972,0.0
13098.968421052632,190.0,0.968421052631579,507.29800244598454,0.0
14547.247191011236,178.0,0.9775280898876404,605.8516612073,0.0
13353.00925925926,216.0,0.9722222222222222,674.8362189985961,0.0
13291.866666666667,180.0,0.9666666666666667,487.8743882544862,0.0
15177.102272727272,176.0,0.9659090909090909,624.981282171268,0.0
15226.233333333334,180.0,0.9666666666666667,558.8747960848287,0.0
13790.677083333334,192.0,0.9791666666666666,619.515676181563,0.0
15735.977777777778,180.0,0.9666666666666667,662.7225081890501,0.0
13993.460674157302,178.0,0.9662921348314607,582.7880205896116,0.0
11338.9009009009,222.0,0.972972972972973,513.0933550754178,0.0
14223.123595505618,178.0,0.9775280898876404,592.3528310715957,0.0
15516.565217391304,184.0,0.967391304347826,668.0037435657463,0.0
13724.41111111111,180.0,0.9777777777777777,578.0051474029012,0.0
17581.93859649123,228.0,0.9473684210526315,1048.2955020920501,0.0
12934.108695652174,184.0,0.9565217391304348,556.8263921385119,0.0
10699.050847457627,236.0,0.9745762711864406,677.3004291845493,0.0
14832.704545454546,176.0,0.9659090909090909,610.7992512868507,0.0
12514.180952380952,210.0,0.9714285714285714,614.5879326473339,0.0
11856.825688073395,218.0,0.9724770642201835,604.4873713751169,0.0
15550.125,176.0,0.9659090909090909,640.3420683200749,0.0
14914.189473684211,190.0,0.968421052631579,663.0079550772111,0.0
14764.806818181818,176.0,0.9772727272727273,608.003275620028,0.0
11626.277777777777,216.0,0.9814814814814815,587.5704258306037,0.0
14447.302083333334,192.0,0.96875,648.7095416276895,0.0
14672.516129032258,186.0,0.967741935483871,638.2338634237606,0.0
12437.919642857143,224.0,0.9732142857142857,651.8703790360319,0.0
12032.294642857143,224.0,0.9732142857142857,630.3166510757717,0.0
13414.870967741936,186.0,0.967741935483871,583.801123069724,0.0
13983.791666666666,192.0,0.96875,628.190921853065,0.0
14721.28409090909,176.0,0.9545454545454546,604.7959850606909,0.0
13705.521276595744,188.0,0.9680851063829787,525.4155791190865,0.0
17273.522222222222,180.0,0.9666666666666667,727.476368741226,0.0
11147.489583333334,192.0,0.9583333333333334,500.7763219466542,0.0
10703.9009009009,222.0,0.972972972972973,555.9817501169864,0.0
14483.033333333333,180.0,0.9666666666666667,609.9546092653252,0.0
15466.87912087912,182.0,0.9560439560439561,658.6270472625176,0.0
12852.70652173913,184.0,0.967391304347826,482.04198940073377,0.0
13767.822916666666,192.0,0.9583333333333334,539.0338499184339,0.0
14207.469387755102,196.0,0.9591836734693877,567.8352365415988,0.0
15194.726315789474,190.0,0.9578947368421052,675.4791764155359,0.0
15476.168539325843,178.0,0.9662921348314607,561.7369494290375,0.0
13658.173913043478,184.0,0.967391304347826,512.4600326264274,0.0
14082.815217391304,184.0,0.967391304347826,528.3927406199022,0.0
17202.444444444445,180.0,0.9777777777777777,631.4110929853182,0.0
13422.315217391304,184.0,0.9565217391304348,577.8441740758071,0.0
16070.063157894738,190.0,0.9578947368421052,622.3628210354668,0.0
16068.643678160919,174.0,0.9655172413793104,654.175011698643,0.0
14784.91304347826,184.0,0.967391304347826,554.7357259380098,0.0
18702.85393258427,178.0,0.9662921348314607,678.8556280587275,0.0
14796.91111111111,180.0,0.9666666666666667,543.1166394779772,0.0
14151.370786516854,178.0,0.9662921348314607,513.6508972267537,0.0
12143.432989690722,194.0,0.9587628865979382,551.1993448759944,0.0
15476.103092783505,194.0,0.9690721649484536,702.4716892840431,0.0
17974.75824175824,182.0,0.9560439560439561,667.0893148450244,0.0
13639.064516129032,186.0,0.956989247311828,593.5577912962096,0.0
11261.247524752474,202.0,0.9801980198019802,532.2349087505849,0.0
15755.08988764045,178.0,0.9662921348314607,571.6278026905829,0.0
16253.044444444444,180.0,0.9666666666666667,684.4988301357042,0.0
12806.872340425532,188.0,0.9787234042553191,563.3345811885821,0.0
13049.061855670103,194.0,0.979381443298969,592.3065044454843,0.0
12296.3125,192.0,0.96875,552.3846513804399,0.0
13591.431818181818,176.0,0.9772727272727273,559.684604585868,0.0
13838.288888888888,180.0,0.9666666666666667,582.8011230697239,0.0
18662.41237113402,194.0,0.9587628865979382,737.9755401549124,0.0
17783.119565217392,184.0,0.967391304347826,765.5811885821245,0.0
13156.136842105263,190.0,0.968421052631579,584.8540009358915,0.0
12634.854166666666,192.0,0.96875,567.5928872250819,0.0
17917.808510638297,188.0,0.9574468085106383,686.8980424143556,0.0
14041.010869565218,184.0,0.9782608695652174,526.8242251223492,0.0
17007.117021276597,188.0,0.9680851063829787,748.0903135236313,0.0
16429.232558139534,172.0,0.9651162790697675,659.3159122725151,0.0
12788.224489795919,196.0,0.9591836734693877,586.451099672438,0.0
12154.505050505051,198.0,0.9797979797979798,563.077211043519,0.0
13196.193548387097,186.0,0.967741935483871,574.2845109967244,0.0
11883.39,200.0,0.96,484.6407014681892,0.0
12855.084210526316,190.0,0.968421052631579,571.4707533926065,0.0
15218.044943820225,178.0,0.9775280898876404,632.3090569561158,0.0
12947.448979591836,196.0,0.9693877551020408,593.7529246607393,0.0
17347.989898989897,198.0,0.9595959595959596,700.1430900937627,0.0
13781.217391304348,184.0,0.9782608695652174,593.2952737482452,0.0
12315.642857142857,196.0,0.9591836734693877,564.7791296209639,0.0
13205.621052631579,190.0,0.968421052631579,587.0538137576042,0.0
11926.52100840336,238.0,0.9663865546218487,578.5796983285771,0.0
11870.911764705883,204.0,0.9705882352941176,566.604117922321,0.0
13872.956043956045,182.0,0.967032967032967,514.8609298531811,0.0
13058.927083333334,192.0,0.9791666666666666,511.0709335507542,0.0
15545.913461538461,208.0,0.9615384615384616,756.5629386991109,0.0
12909.541666666666,192.0,0.9479166666666666,505.43066884176176,0.0
13222.066666666668,210.0,0.9714285714285714,649.6569957884886,0.0
14205.317757009347,214.0,0.9532710280373832,815.4340128755366,0.0
16335.593406593407,182.0,0.967032967032967,695.6195601310249,0.0
15431.061224489797,196.0,0.9591836734693877,616.4875662454137,0.0
17885.264367816093,174.0,0.9655172413793104,634.5913539967373,0.0
15265.445652173914,184.0,0.9565217391304348,657.1927936359382,0.0
14466.208791208792,182.0,0.967032967032967,616.0154422087039,0.0
13739.730337078652,178.0,0.9662921348314607,498.7096247960848,0.0
14015.0,190.0,0.9578947368421052,622.7432179607109,0.0
17240.573033707864,178.0,0.9662921348314607,625.5242560130453,0.0
13359.38202247191,178.0,0.9775280898876404,556.3804398689751,0.0
16028.14606741573,178.0,0.9662921348314607,581.5348552792499,0.0
16816.465909090908,176.0,0.9659090909090909,692.48900327562,0.0
13121.739130434782,184.0,0.967391304347826,492.1320831634732,0.0
13909.955056179775,178.0,0.9662921348314607,579.3102480112307,0.0
15137.840425531915,188.0,0.9468085106382979,665.8666354702855,0.0
17842.375,176.0,0.9659090909090909,734.735142723444,0.0
12883.695652173914,184.0,0.967391304347826,483.20423970648187,0.0
19291.82222222222,180.0,0.9666666666666667,812.4773046326626,0.0
17433.14285714286,182.0,0.967032967032967,646.9885807504079,0.0
17862.227272727272,176.0,0.9659090909090909,735.5526438933083,0.0
14958.844444444445,180.0,0.9777777777777777,548.8365267019975,0.0
14495.134831460675,178.0,0.9662921348314607,525.9139828781084,0.0
14794.337078651686,178.0,0.9662921348314607,536.9885807504079,0.0
15430.37037037037,162.0,0.9753086419753086,684.1050903119868,0.0
16396.422222222223,180.0,0.9666666666666667,690.5372016846046,0.0
14448.536842105263,190.0,0.9473684210526315,642.307440336921,0.0
14140.310344827587,174.0,0.9770114942528736,501.51121076233187,0.0
12599.72380952381,210.0,0.9619047619047619,619.0786148806739,0.0
15245.166666666666,180.0,0.9777777777777777,641.7516370439663,0.0
12904.25,184.0,0.967391304347826,555.5409452503509,0.0
14175.864583333334,192.0,0.9583333333333334,636.8193729527375,0.0
12587.369565217392,184.0,0.967391304347826,541.8989237248479,0.0
16879.301075268817,186.0,0.967741935483871,734.569489939167,0.0
14606.364583333334,192.0,0.9583333333333334,656.1586335985025,0.0
12500.851063829787,188.0,0.9680851063829787,479.03791275988584,0.0
13200.456140350878,228.0,0.956140350877193,787.0564853556485,0.0
12761.968085106382,188.0,0.9787234042553191,561.3593823116518,0.0
13691.113402061856,194.0,0.9587628865979382,621.4496958352831,0.0
13959.157303370786,178.0,0.9775280898876404,581.3593823116519,0.0
11940.273684210526,190.0,0.9789473684210527,530.8029948525971,0.0
13762.623655913978,186.0,0.956989247311828,598.9349555451568,0.0
10938.225490196079,204.0,0.9607843137254902,522.086569957885,0.0
11799.39,200.0,0.97,552.1474029012634,0.0
15940.670588235294,170.0,0.9647058823529412,634.0463266261114,0.0
16058.386363636364,176.0,0.9659090909090909,661.2718764623304,0.0
15647.666666666666,180.0,0.9777777777777777,659.003275620028,0.0
15304.373626373626,182.0,0.945054945054945,651.7070659803463,0.0
1294.1475177304965,2820.0,0.9971631205673759,1294.1475177304965,0.0
1008.5726495726495,2574.0,0.9976689976689976,1008.5726495726495,0.0
1019.6708562450904,2546.0,0.9960722702278083,1019.6708562450904,0.0
953.7604702424687,2722.0,0.9977957384276267,953.7604702424687,0.0
1245.6389078498294,2930.0,0.9972696245733789,1245.6389078498294,0.0
1405.9684129429893,2596.0,0.9969183359013868,1405.9684129429893,0.0
1009.3118195956454,2572.0,0.9976671850699844,1009.3118195956454,0.0
1316.6262626262626,2772.0,0.9971139971139971,1316.6262626262626,0.0
1269.0146036161336,2876.0,0.9965229485396384,1269.0146036161336,0.0
1027.0893987341772,2528.0,0.9984177215189873,1027.0893987341772,0.0
1424.4340359094458,2562.0,0.9960967993754879,1424.4340359094458,0.0
1286.7834978843441,2836.0,0.997179125528914,1286.7834978843441,0.0
1316.5685425685426,2772.0,0.9956709956709957,1316.5685425685426,0.0
1262.01244813278,2892.0,0.9972337482710927,1262.01244813278,0.0
1340.8758265980896,2722.0,0.997060984570169,1340.8758265980896,0.0
950.294289897511,2732.0,0.9978038067349927,950.294289897511,0.0
991.6745607333843,2618.0,0.9969442322383499,991.6745607333843,0.0
1016.8472983555207,2554.0,0.9976507439310884,1016.8472983555207,0.0
1391.9504195270786,2622.0,0.9969488939740656,1391.9504195270786,0.0
1286.8744710860367,2836.0,0.997179125528914,1286.8744710860367,0.0
10125.535031847134,314.0,0.9745222929936306,1324.7575,0.0
1425.1546237364282,5342.0,0.9940097341819544,508.1548524896542,0.0
1953.7445361826128,4118.0,0.9922292374939291,522.3007011165931,0.0
1675.7155382367268,4106.0,0.9931807111544082,532.8754646840149,0.0
1700.1672508763145,3994.0,0.9919879819729595,480.3670062252405,0.0
1734.5077821011673,4112.0,0.9922178988326849,504.54838709677415,0.0
1762.217845277646,4214.0,0.9928808732795443,519.1545022371364,0.0
1671.23706259241,4058.0,0.992114342040414,485.52978235967925,0.0
1693.9702823179791,4038.0,0.9920752847944527,483.8887945670628,0.0
1687.649950347567,4028.0,0.9925521350546177,480.8895019807583,0.0
1681.9627791563275,4030.0,0.9925558312655087,479.5069326542162,0.0
1698.5375435106912,4022.0,0.9925410243659871,483.2709394453877,0.0
1693.147394540943,4030.0,0.9925558312655087,482.69552914544425,0.0
1665.4948554630084,4082.0,0.9926506614404703,487.63089944053945,0.0
1803.2548449612402,4128.0,0.9927325581395349,533.9145029407546,0.0
1669.521161417323,4064.0,0.9921259842519685,479.9755234861347,0.0
1663.5265206812653,4110.0,0.9922141119221412,483.6653933220147,0.0
1821.446025515211,4076.0,0.992639842983317,529.3179808926279,0.0
144627.65789473685,76.0,0.9210526315789473,4083.09881129272,1.0
254075.52205882352,272.0,0.9852941176470589,23602.64412568306,1.0
148537.2162162162,74.0,0.918918918918919,4107.531390134529,1.0
27901.639004149376,482.0,0.8589211618257261,414.54256827569196,1.0
31682.543806646525,662.0,0.9788519637462235,1449.8716991566432,1.0
36833.833910034606,578.0,0.986159169550173,1636.6817343173434,1.0
19852.86046511628,86.0,0.9069767441860465,131.25353628536286,1.0
367282.88495575223,226.0,0.9823008849557522,34385.22452361226,1.0
15027.788079470198,302.0,0.9801324503311258,1816.8102481985588,1.0
15639.555944055945,572.0,0.993006993006993,8719.12865497076,1.0
28119.365853658535,164.0,0.9878048780487805,2722.299881936245,1.0
12966.834285714285,350.0,0.9885714285714285,1816.8102481985588,1.0
14453.47770700637,314.0,0.9872611464968153,1813.9056754596324,1.0
13348.211764705882,340.0,0.9882352941176471,1813.9056754596324,1.0
14546.128205128205,312.0,0.9871794871794872,1813.905675459632,1.0
16563.474452554743,274.0,0.9854014598540146,1819.7241379310344,1.0
133480.29411764705,34.0,0.8823529411764706,1813.8808952837728,1.0
17322.106870229007,262.0,0.9847328244274809,1813.9056754596322,1.0
13193.0,344.0,0.9825581395348837,1811.0103750997605,1.0
13669.855421686747,332.0,0.9879518072289156,1813.9056754596324,1.0
14362.0,316.0,0.9873417721518988,1816.8102481985588,1.0
14362.0,316.0,0.9873417721518988,1811.0103750997607,1.0
68763.51515151515,66.0,0.9393939393939394,1813.9056754596324,1.0
105712.16666666667,120.0,0.9833333333333333,5062.035115722267,1.0
192203.9393939394,66.0,0.9696969696969697,5062.035115722267,1.0
29638.92523364486,428.0,0.9906542056074766,5062.035115722267,1.0
212248.5873015873,126.0,0.9841269841269841,10654.709960159362,1.0
42146.42005420054,738.0,0.997289972899729,12401.937001594895,1.0
50967.36052631579,760.0,0.9947368421052631,15432.348207171313,1.0
112602.30813953489,344.0,0.9941860465116279,15432.348207171315,1.0
284817.60294117645,136.0,0.9852941176470589,15444.654704944178,1.0
45040.923255813956,860.0,0.9976744186046511,15432.348207171317,1.0
261724.2837837838,148.0,0.9864864864864865,15432.348207171315,1.0
95406.88177339901,406.0,0.9950738916256158,15432.348207171313,1.0
79702.04526748971,486.0,0.9917695473251029,15444.654704944178,1.0
215195.52222222224,180.0,0.9888888888888889,15456.980845969674,1.0
116869.17977528089,178.0,0.9887640449438202,8294.543062200957,1.0
64205.90740740741,324.0,0.9876543209876543,8307.793130990416,1.0
41772.51807228916,498.0,0.9919678714859438,8287.933864541834,1.0
126845.81707317074,164.0,0.9878048780487805,8287.933864541834,1.0
38675.18292682927,328.0,0.9939024390243902,5062.035115722267,1.0
166913.94736842104,76.0,0.9736842105263158,5066.0782747603835,1.0
119367.67592592593,216.0,0.9907407407407407,10272.278087649403,1.0
51222.560165975105,482.0,0.991701244813278,9844.208133971291,1.0
154700.73170731709,82.0,0.975609756097561,5070.127897681855,1.0
211424.33333333334,60.0,0.9666666666666667,5062.035115722267,1.0
71266.62921348315,178.0,0.9887640449438202,5062.035115722266,1.0
93275.44117647059,136.0,0.9705882352941176,5062.035115722267,1.0
77350.36585365854,164.0,0.9878048780487805,5066.078274760384,1.0
226638.3220338983,118.0,0.9830508474576272,10663.206539074961,1.0
119389.83035714286,224.0,0.9910714285714286,10671.716679968076,1.0
196642.07352941178,136.0,0.9852941176470589,10663.206539074961,1.0
123811.67592592593,216.0,0.9907407407407407,10654.709960159364,1.0
137852.17525773196,194.0,0.979381443298969,10663.20653907496,1.0
127349.15238095238,210.0,0.9809523809523809,10663.20653907496,1.0
136445.52040816325,196.0,0.9897959183673469,10654.709960159362,1.0
47778.307971014496,552.0,0.9927536231884058,10507.420717131476,1.0
95511.86428571428,280.0,0.9928571428571429,10654.709960159364,1.0
121573.08333333333,48.0,0.9583333333333334,2330.4744408945685,1.0
91179.8125,64.0,0.96875,2328.6145251396647,1.0
88416.78787878787,66.0,0.9696969696969697,2328.6145251396647,1.0
74814.20512820513,78.0,0.9743589743589743,2330.4744408945685,1.0
56110.653846153844,104.0,0.9807692307692307,2330.4744408945685,1.0
38903.386666666665,150.0,0.9733333333333334,2330.474440894569,1.0
121573.08333333333,48.0,0.9583333333333334,2330.4744408945685,1.0
67854.74418604652,86.0,0.9767441860465116,2332.3373301358915,1.0
42286.289855072464,138.0,0.9710144927536232,2330.474440894569,1.0
37892.90909090909,154.0,0.987012987012987,2328.6145251396647,1.0
47060.54838709677,124.0,0.967741935483871,2328.6145251396647,1.0
37892.90909090909,154.0,0.974025974025974,2328.6145251396647,1.0
48629.23333333333,120.0,0.9833333333333333,2330.4744408945685,1.0
48629.23333333333,120.0,0.9833333333333333,2330.4744408945685,1.0
83364.4,70.0,0.9714285714285714,2328.6145251396647,1.0
126858.86956521739,46.0,0.9565217391304348,2328.6145251396647,1.0
12206.892307692307,390.0,0.9897435897435898,382.4460154241645,1.0
18597.09375,256.0,0.984375,308.1460194174757,1.0
12462.534031413612,382.0,0.9895287958115183,382.44601542416456,1.0
41384.13559322034,118.0,0.9661016949152542,316.07300970873786,1.0
11399.412322274882,422.0,0.990521327014218,386.4517994858612,1.0
12695.063829787234,376.0,0.9893617021276596,383.46272493573264,1.0
11318.948356807512,426.0,0.9906103286384976,387.36118251928025,1.0
35792.73846153846,130.0,0.9692307692307692,373.79948586118246,1.0
16300.054794520547,292.0,0.9794520547945206,308.06576051779933,1.0
12772.534759358288,374.0,0.9893048128342246,383.75064267352184,1.0
17724.27067669173,266.0,0.9849624060150376,378.7480719794344,1.0
16382.164383561643,292.0,0.9863013698630136,384.28598971722363,1.0
70382.12962962964,108.0,0.9444444444444444,593.9420221909674,1.0
11265.761261261261,444.0,0.8828828828828829,159.30944646155808,1.0
69153.19459459459,370.0,0.9945945945945946,10460.622240392477,1.0
87410.35714285714,28.0,1.0,87410.35714285714,1.0
78118.80291970803,274.0,0.9854014598540146,8582.418604651164,1.0
53880.91519434629,566.0,0.9964664310954063,26472.74131944445,1.0
50050.28571428572,42.0,0.9047619047619048,2320.2119205298013,1.0
42104.72,50.0,0.92,2303.3216630196935,1.0
26298.363636363636,132.0,0.9848484848484849,1390.778846153846,1.0
117353.73134328358,268.0,0.9850746268656716,12391.962174940898,1.0
20508.55769230769,104.0,0.9615384615384616,2323.409586056645,1.0
41878.30290456431,964.0,0.9937759336099585,19945.990118577072,1.0
64707.654320987655,486.0,0.9917695473251029,12371.329661683714,1.0
505233.90476190473,42.0,0.9523809523809523,24789.51401869159,1.0
65691.625,32.0,0.875,2310.035164835165,1.0
49672.450892857145,448.0,0.96875,17975.16801292407,1.0
30517.88780487805,410.0,0.9804878048780488,978.4433844228964,1.0
144478.68181818182,572.0,0.993006993006993,27382.970841616967,1.0
24272.058823529413,170.0,0.7411764705882353,301.49422767791907,1.0
58116.142857142855,952.0,0.9936974789915967,5603.257848896091,1.0
58499.818181818184,682.0,0.9882697947214076,3066.160159852444,1.0
54637.95640326975,734.0,0.9809264305177112,2729.2949503198583,1.0
53250.12600536193,746.0,0.9812332439678284,2703.4567850823464,1.0
57538.69075144509,692.0,0.9884393063583815,3060.00415001537,1.0
55578.4537815126,714.0,0.9859943977591037,3049.724561942822,1.0
58655.85545722714,678.0,0.9882005899705014,3056.307254841685,1.0
55143.97777777778,720.0,0.9833333333333333,2702.0323941744928,1.0
24043.872340425532,188.0,0.9893617021276596,1468.5666016894088,1.0
48249.07878787879,660.0,0.996969696969697,27310.799313893654,1.0
24245.91869918699,246.0,0.9512195121951219,469.12820512820514,1.0
17398.46323529412,272.0,0.9705882352941176,372.2181846783074,1.0
34771.13846153846,130.0,0.9846153846153847,1468.5666016894086,1.0
37051.2131147541,122.0,0.9836065573770492,1468.5666016894088,1.0
40754.18421052631,152.0,0.9736842105263158,2012.5523066926573,1.0
35479.705882352944,136.0,0.9705882352941176,1567.6543209876545,1.0
24043.872340425532,188.0,0.9893617021276596,1468.5666016894088,1.0
17779.51552795031,322.0,0.9565217391304348,450.2913323894918,1.0
67061.77372262774,548.0,0.9890510948905109,2924.5465541938565,1.0
57850.88599348534,614.0,0.990228013029316,2826.7104886200855,1.0
55956.181818181816,572.0,0.9965034965034965,27450.202401372215,1.0
59889.393258426964,534.0,0.9962546816479401,27427.903945111495,1.0
58546.51648351648,546.0,0.9963369963369964,27415.43567753002,1.0
58454.09523809524,546.0,0.9963369963369964,27372.15780445969,1.0
59323.30111524164,538.0,0.9962825278810409,27372.157804459694,1.0
66741.1920289855,552.0,0.9891304347826086,2931.8110775107434,1.0
58807.1875,544.0,0.9963235294117647,27436.629502572898,1.0
42420.117647058825,68.0,0.9411764705882353,1244.4210526315792,1.0
50678.8,60.0,0.9333333333333333,1311.7894736842106,1.0
37804.22857142857,70.0,0.9428571428571428,1142.614853195164,1.0
52371.27272727273,66.0,0.9393939393939394,1489.8724137931035,1.0
55775.2,50.0,0.92,1202.051724137931,1.0
23421.295454545456,88.0,0.9545454545454546,888.3939655172414,1.0
38119.13043478261,138.0,0.9710144927536232,2212.1278385197643,1.0
28587.652173913044,598.0,0.9933110367892977,7188.989066442389,1.0
27489.093247588426,622.0,0.9935691318327974,7184.124369747899,1.0
31254.69230769231,156.0,0.7564102564102564,129.3366226325004,1.0
715369.0,38.0,0.9473684210526315,31757.03504672897,1.0
529184.4761904762,42.0,0.9523809523809523,25964.658878504677,1.0
145353.94318181818,176.0,0.9772727272727273,10032.272156862746,1.0
52555.5,40.0,0.9,2330.620842572062,1.0
39345.3052631579,190.0,0.968421052631579,1585.8311412812898,1.0
6255.111556064073,3496.0,0.9954233409610984,6255.111556064073,1.0
53739.91025641026,312.0,0.9615384615384616,7798.535813953488,1.0
69521.62790697675,86.0,0.9534883720930233,2112.671378091873,1.0
124233.68181818182,220.0,0.9818181818181818,9644.110797459422,1.0
151337.33333333334,54.0,0.9259259259259259,3116.7871853546912,1.0
163721.2117647059,170.0,0.9764705882352941,10598.859862909369,1.0
49592.91891891892,148.0,0.972972972972973,2803.572192513369,1.0
30689.127272727274,220.0,0.9818181818181818,2576.949618320611,1.0
33130.04724409449,254.0,0.984251968503937,3209.394355453852,1.0
183493.8,40.0,0.9,3166.415875754961,1.0
64944.65454545455,110.0,0.9636363636363636,3079.2724137931036,1.0
62958.3870967742,124.0,0.967741935483871,3373.742437337943,1.0
71569.96078431372,102.0,0.9607843137254902,3146.610344827586,1.0
85624.10869565218,92.0,0.9565217391304348,3395.4387931034485,1.0
97550.525,80.0,0.95,3358.021514629948,1.0
125208.63157894737,38.0,0.8947368421052632,2050.8310344827587,1.0
123326.75,32.0,0.875,1703.9965457685664,1.0
43564.5625,32.0,0.875,600.8905172413793,1.0
163309.11111111112,36.0,0.8888888888888888,2534.1068965517243,1.0
49154.36363636364,22.0,0.8181818181818182,465.7174849267873,1.0
31254.20512820513,156.0,0.7435897435897436,128.82202494187277,1.0
35035.73333333333,60.0,0.9333333333333333,2356.6636771300446,1.0
26522.525423728814,118.0,0.9661016949152542,1246.8756972111555,1.0
81585.9,60.0,0.8666666666666667,1865.5312499999998,1.0
45259.56119402985,670.0,0.9880597014925373,2369.425378965463,1.0
49591.171428571426,70.0,0.9428571428571428,1239.7792857142856,1.0
32865.55,80.0,0.95,2864.100217864924,1.0
21177.786885245903,122.0,0.9508196721311475,1413.3971553610504,1.0
32539.70588235294,68.0,0.9411764705882353,1507.2888283378745,1.0
26365.825,80.0,0.95,2317.8747252747253,1.0
49500.709677419356,62.0,0.9354838709677419,3350.4847161572056,1.0
26201.162790697676,86.0,0.9534883720930233,1530.7744565217392,1.0
24343.454545454544,88.0,0.9545454545454546,2343.7899343544855,1.0
20253.75,104.0,0.9615384615384616,2304.5842450765863,1.0
32736.916666666668,72.0,0.9444444444444444,2584.4934210526317,1.0
45701.470588235294,68.0,0.9411764705882353,3392.6855895196504,1.0
23922.636363636364,88.0,0.9545454545454546,2303.27352297593,1.0
16193.723076923077,130.0,0.9692307692307692,2293.2287581699347,1.0
26929.767441860466,86.0,0.9534883720930233,2522.832244008715,1.0
20242.26923076923,104.0,0.9615384615384616,2303.277899343545,1.0
40164.94594594595,74.0,0.9459459459459459,3244.7663755458516,1.0
36243.230769230766,78.0,0.9487179487179487,3106.5626373626374,1.0
23006.391304347828,92.0,0.9347826086956522,1663.98427672956,1.0
32703.4,90.0,0.9555555555555556,3227.3092105263163,1.0
17047.023076923077,260.0,0.9769230769230769,3887.9175438596485,1.0
38702.8275862069,58.0,0.9310344827586207,2450.615720524018,1.0
32628.590909090908,88.0,0.9545454545454546,3134.6244541484716,1.0
25061.428571428572,84.0,0.9523809523809523,1430.1358695652173,1.0
26315.225,80.0,0.95,2313.4263736263733,1.0
14224.405405405405,148.0,0.972972972972973,2298.266375545851,1.0
24479.232558139534,86.0,0.9534883720930233,2313.4219780219782,1.0
16977.1935483871,124.0,0.967741935483871,2298.222707423581,1.0
29417.8125,96.0,0.9583333333333334,3089.835886214442,1.0
36663.170731707316,82.0,0.9512195121951219,3289.2560175054705,1.0
30958.823529411766,68.0,0.9411764705882353,1655.0314465408806,1.0
19860.43396226415,106.0,0.9622641509433962,1662.8799368088467,1.0
36761.72972972973,74.0,0.9459459459459459,2976.3326039387307,1.0
39415.8,80.0,0.95,2142.163043478261,1.0
24371.955555555556,90.0,0.9555555555555556,2405.127192982456,1.0
22395.787234042553,94.0,0.9574468085106383,2298.2576419213974,1.0
25673.243902439026,82.0,0.9512195121951219,2313.4131868131867,1.0
26314.95,80.0,0.95,2313.402197802198,1.0
18796.625,112.0,0.9642857142857143,2298.2772925764193,1.0
25673.243902439026,82.0,0.9512195121951219,2313.4131868131867,1.0
25673.121951219513,82.0,0.9512195121951219,2303.277899343545,1.0
28261.86274509804,102.0,0.9607843137254902,3167.813186813187,1.0
36869.142857142855,70.0,0.9428571428571428,2811.372549019608,1.0
17614.466666666667,120.0,0.9666666666666667,1664.3590551181103,1.0
50733.1724137931,58.0,0.9310344827586207,3212.362445414847,1.0
33872.30434782609,92.0,0.9565217391304348,3402.0218340611355,1.0
18148.5,116.0,0.9655172413793104,2303.310722100656,1.0
34875.38636363636,88.0,0.9545454545454546,3372.5648351648347,1.0
34958.63636363636,88.0,0.9545454545454546,3380.615384615384,1.0
27143.21153846154,104.0,0.9615384615384616,3081.7620087336245,1.0
36284.23809523809,84.0,0.9523809523809523,2070.5679347826085,1.0
17791.46875,128.0,0.96875,2491.5842450765863,1.0
44681.11111111111,54.0,0.9259259259259259,2639.80306345733,1.0
25249.636363636364,88.0,0.9545454545454546,2431.0371991247266,1.0
14825.211267605633,142.0,0.9577464788732394,1151.6301969365427,1.0
25673.073170731706,82.0,0.9512195121951219,2303.27352297593,1.0
49776.1935483871,62.0,0.9354838709677419,3376.503282275711,1.0
42808.97142857143,70.0,0.9428571428571428,3271.4279475982535,1.0
36836.68965517241,58.0,0.9310344827586207,2337.557986870897,1.0
27285.682926829268,82.0,0.926829268292683,1758.9827044025158,1.0
18491.526315789473,114.0,0.9473684210526315,1435.9904632152588,1.0
40553.47368421053,76.0,0.9210526315789473,2093.7934782608695,1.0
23404.533333333333,90.0,0.9555555555555556,2304.6039387308533,1.0
23391.2,90.0,0.9555555555555556,1430.1684782608697,1.0
23922.795454545456,88.0,0.9545454545454546,2313.4131868131867,1.0
10740.857142857143,196.0,0.9795918367346939,1149.1310043668122,1.0
330916.4705882353,34.0,0.8823529411764706,3775.5570469798663,1.0
35964.04325699746,786.0,0.806615776081425,1177.2337997667835,1.0
234660.36585365853,82.0,0.975609756097561,6676.665510062456,1.0
61994.71238938053,452.0,0.9911504424778761,11172.890749601276,1.0
13537.15579710145,552.0,0.9855072463768116,981.6749868628482,1.0
31614.65,280.0,0.9642857142857143,1884.2277564921244,1.0
111858.02926829268,410.0,0.9902439024390244,16332.547008547008,1.0
55334.61,200.0,0.93,765.0298631273331,1.0
119265.67857142857,56.0,0.8928571428571429,2512.7456734386756,1.0
33160.248366013075,306.0,0.8888888888888888,319.0691151499906,1.0
44688.953125,256.0,0.9609375,879.4873923739237,1.0
91013.75862068965,464.0,0.9827586206896551,3302.34469815452,1.0
141189.1329113924,316.0,0.930379746835443,6505.652668416447,1.0
67144.26498422713,634.0,0.9652996845425867,15547.649379108841,1.0
60193.11891891892,370.0,0.9837837837837838,8782.119085173501,1.0
57606.82901554404,386.0,0.9844559585492227,8768.231861198738,1.0
81247.82673267326,404.0,0.9752475247524752,2048.1793335829275,1.0
139030.25766871165,326.0,0.9815950920245399,3472.5608335887223,1.0
144469.32544378698,338.0,0.9881656804733728,16654.37653478854,1.0
202236.32317073172,328.0,0.9878048780487805,22670.37388926863,1.0
150689.115,400.0,0.99,19853.638339920948,1.0
140866.3076923077,546.0,0.9230769230769231,17616.354557947776,1.0
79907.52471482889,526.0,0.9923954372623575,26401.606783919597,1.0
108192.78172588833,394.0,0.9847715736040609,8461.285430726479,1.0
54664.95064935065,770.0,0.9896103896103896,3234.8610513372273,1.0
60191.99428571429,700.0,0.9885714285714285,3238.1183522901943,1.0
145872.99363057324,314.0,0.9872611464968153,13905.318761384335,1.0
159276.08270676693,266.0,0.9849624060150376,26612.71231155779,1.0
210149.42,200.0,0.96,3230.086381801414,1.0
224870.06382978722,188.0,0.9574468085106383,3248.9680295112203,1.0
206008.5,204.0,0.9803921568627451,26398.074120603014,1.0
170841.80487804877,246.0,0.967479674796748,3229.871195819244,1.0
176584.38655462186,238.0,0.9663865546218487,3229.871195819244,1.0
192765.04587155965,218.0,0.9724770642201835,3483.3206233421756,1.0
168114.16,250.0,0.976,3483.798076923077,1.0
191032.2,220.0,0.9636363636363636,3229.871195819244,1.0
179602.92307692306,234.0,0.9658119658119658,3229.8711958192434,1.0
56371.319034852546,746.0,0.9892761394101877,3231.8632031970487,1.0
158007.38345864663,266.0,0.9699248120300752,3230.092529972333,1.0
181151.22413793104,232.0,0.9655172413793104,3229.871195819244,1.0
194112.5871559633,218.0,0.9541284403669725,3252.116815247464,1.0
110597.58947368422,380.0,0.9631578947368421,2938.9569230769234,1.0
62593.74107142857,672.0,0.9761904761904762,2623.3624797305724,1.0
9897.433333333332,3180.0,0.9484276729559749,74.74479676264117,2.0
8627.749098402885,7764.0,0.9997424008243173,8627.749098402885,2.0
6420.268153980753,9144.0,0.9122922134733158,143.78029438416888,2.0
5791.569241639189,8492.0,0.9849269901083373,1096.0511231948653,2.0
10261.478145695364,6040.0,0.9867549668874173,635.9854700679294,2.0
3627.160303200449,7124.0,0.9997192588433464,3627.160303200449,2.0
11152.899237933954,7086.0,0.9997177533163986,11152.899237933954,2.0
3598.7562674094706,7180.0,0.9997214484679666,3598.7562674094706,2.0
3595.751461174506,7186.0,0.9997216810464793,3595.751461174506,2.0
3508.155840535266,7174.0,0.9997212155004181,3508.155840535266,2.0
3598.7562674094706,7180.0,0.9997214484679666,3598.7562674094706,2.0
3601.766099804851,7174.0,0.9997212155004181,3601.766099804851,2.0
3595.751461174506,7186.0,0.9997216810464793,3595.751461174506,2.0
3597.7541074909495,7182.0,0.9997215260373155,3597.7541074909495,2.0
10910.548196166854,7096.0,0.9997181510710259,10910.548196166854,2.0
10950.168882602546,7070.0,0.9997171145685997,10950.168882602546,2.0
3597.7541074909495,7182.0,0.9997215260373155,3597.7541074909495,2.0
11078.42974271982,7074.0,0.9997172745264349,11078.42974271982,2.0
3598.7562674094706,7180.0,0.9997214484679666,3598.7562674094706,2.0
10580.245267024584,7078.0,0.9997174343034756,10580.245267024584,2.0
3598.7562674094706,7180.0,0.9997214484679666,3598.7562674094706,2.0
3597.754385964912,7182.0,0.9997215260373155,3597.754385964912,2.0
7849.19362122495,7086.0,0.9997177533163986,7849.19362122495,2.0
3601.7663785893506,7174.0,0.9997212155004181,3601.7663785893506,2.0
6999.82760629004,6868.0,0.9997087944088526,6999.82760629004,2.0
3505.224512534819,7180.0,0.9997214484679666,3505.224512534819,2.0
7600.91704288939,7088.0,0.9997178329571106,7600.91704288939,2.0
3599.758985789914,7178.0,0.9997213708553915,3599.758985789914,2.0
7691.785694091038,7074.0,0.9997172745264349,7691.785694091038,2.0
3596.752505567929,7184.0,0.9997216035634744,3596.752505567929,2.0
7500.391365688488,7088.0,0.9997178329571106,7500.391365688488,2.0
3506.2008916132627,7178.0,0.9997213708553915,3506.2008916132627,2.0
6974.5348574654245,7086.0,0.9997177533163986,6974.5348574654245,2.0
3596.752505567929,7184.0,0.9997216035634744,3596.752505567929,2.0
7710.066535100084,7094.0,0.9997180716098111,7710.066535100084,2.0
3596.752505567929,7184.0,0.9997216035634744,3596.752505567929,2.0
7609.099716713881,7060.0,0.9997167138810198,7609.099716713881,2.0
3592.7516685205783,7192.0,0.9997219132369299,3592.7516685205783,2.0
3594.7509738452977,7188.0,0.9997217584863661,3594.7509738452977,2.0
3601.766099804851,7174.0,0.9997212155004181,3601.766099804851,2.0
7548.404963338973,7092.0,0.9997179921037789,7548.404963338973,2.0
3593.7510431154383,7190.0,0.9997218358831711,3593.7510431154383,2.0
7643.605367231638,7080.0,0.9997175141242938,7643.605367231638,2.0
3600.2111142139065,7162.0,0.9997207483943032,3600.2111142139065,2.0
7588.741033606326,7082.0,0.9997175939000282,7588.741033606326,2.0
3504.248120300752,7182.0,0.9997215260373155,3504.248120300752,2.0
7742.388089189952,7086.0,0.9997177533163986,7742.388089189952,2.0
7606.449618966977,7086.0,0.9997177533163986,7606.449618966977,2.0
3507.1780936454848,7176.0,0.999721293199554,3507.1780936454848,2.0
3597.7541074909495,7182.0,0.9997215260373155,3597.7541074909495,2.0
7592.498025944727,7092.0,0.9997179921037789,7592.498025944727,2.0
8170.2157792026765,7174.0,0.9997212155004181,8170.2157792026765,2.0
3597.755499860763,7182.0,0.9997215260373155,3597.755499860763,2.0
3599.276100086281,6954.0,0.999712395743457,3599.276100086281,2.0
7605.095453261791,7082.0,0.9997175939000282,7605.095453261791,2.0
3514.0335101926835,7162.0,0.9997207483943032,3514.0335101926835,2.0
7940.027300872503,7106.0,0.9997185477061638,7940.027300872503,2.0
3536.6644275700933,6848.0,0.9997079439252337,3536.6644275700933,2.0
3598.757660167131,7180.0,0.9997214484679666,3598.757660167131,2.0
7627.718829877876,7042.0,0.9997159897756319,7627.718829877876,2.0
3401.245974107989,6334.0,0.9996842437638144,3401.245974107989,2.0
7751.810665914221,7088.0,0.9997178329571106,7751.810665914221,2.0
3613.8573426573425,7150.0,0.9997202797202798,3613.8573426573425,2.0
7597.295377677565,7096.0,0.9997181510710259,7597.295377677565,2.0
3601.7674937273487,7174.0,0.9997212155004181,3601.7674937273487,2.0
3599.7603789356367,7178.0,0.9997213708553915,3599.7603789356367,2.0
7575.8074324324325,7104.0,0.9997184684684685,7575.8074324324325,2.0
3539.9186402897744,7178.0,0.9997213708553915,3539.9186402897744,2.0
7604.148534385569,7096.0,0.9997181510710259,7604.148534385569,2.0
7163.332580463015,7084.0,0.9997176736307171,7163.332580463015,2.0
3595.7511828555525,7186.0,0.9997216810464793,3595.7511828555525,2.0
3607.8022898631666,7162.0,0.9997207483943032,3607.8022898631666,2.0
3604.7823660714284,7168.0,0.9997209821428571,3604.7823660714284,2.0
3602.771890686001,7172.0,0.9997211377579476,3602.771890686001,2.0
7582.029112492934,7076.0,0.9997173544375353,7582.029112492934,2.0
3532.8644115974985,7036.0,0.9997157475838545,3532.8644115974985,2.0
3596.7538975501116,7184.0,0.9997216035634744,3596.7538975501116,2.0
3601.76665737385,7174.0,0.9997212155004181,3601.76665737385,2.0
7862.243854196101,7078.0,0.9997174343034756,7862.243854196101,2.0
3596.753062360802,7184.0,0.9997216035634744,3596.753062360802,2.0
3598.757660167131,7180.0,0.9997214484679666,3598.757660167131,2.0
3594.751530328325,7188.0,0.9997217584863661,3594.751530328325,2.0
7391.735045146727,7088.0,0.9997178329571106,7391.735045146727,2.0
2772.3686887032327,11012.0,0.9169996367598983,67.96164856838834,2.0
3609.8329142218495,7158.0,0.9997205923442303,3609.8329142218495,2.0
3463.223214285714,7168.0,0.9997209821428571,3463.223214285714,2.0
3442.1047887323944,7100.0,0.9997183098591549,3442.1047887323944,2.0
3602.6979921918573,7172.0,0.9997211377579476,3602.6979921918573,2.0
3459.6372852717545,7102.0,0.9997183891861448,3459.6372852717545,2.0
3596.680122494432,7184.0,0.9997216035634744,3596.680122494432,2.0
2267.3799717912552,7090.0,0.9997179125528914,2267.3799717912552,2.0
3551.2679866146123,7172.0,0.9997211377579476,3551.2679866146123,2.0
3610.7532140860817,7156.0,0.9997205142537731,3610.7532140860817,2.0
3467.5379188712523,6804.0,0.9997060552616108,3467.5379188712523,2.0
3590.682323513063,7196.0,0.999722067815453,3590.682323513063,2.0
3606.721105527638,7164.0,0.9997208263539922,3606.721105527638,2.0
3755.5342095090837,5174.0,0.9996134518747584,3755.5342095090837,2.0
3592.6793659621803,7192.0,0.9997219132369299,3592.6793659621803,2.0
3552.4444444444443,7146.0,0.9997201231458158,3552.4444444444443,2.0
3501.806343906511,5990.0,0.9996661101836394,3501.806343906511,2.0
3573.7966804979255,7230.0,0.9997233748271093,3573.7966804979255,2.0
3585.699417152373,7206.0,0.9997224535109631,3585.699417152373,2.0
2816.7109144542774,11526.0,0.9595696685753947,48.50694911354353,2.0
2852.436727971452,7286.0,0.9478451825418611,68.88674029486636,2.0
3662.195413758724,6018.0,0.9996676636756398,3662.195413758724,2.0
3504.253968253968,7182.0,0.9997215260373155,3504.253968253968,2.0
3519.720673635308,6888.0,0.9997096399535423,3519.720673635308,2.0
3599.6921147952075,7178.0,0.9997213708553915,3599.6921147952075,2.0
3561.323628219485,7144.0,0.9997200447928332,3561.323628219485,2.0
3596.6856904231627,7184.0,0.9997216035634744,3596.6856904231627,2.0
3599.6921147952075,7178.0,0.9997213708553915,3599.6921147952075,2.0
3339.979375,6400.0,0.9996875,3339.979375,2.0
3106.2676965193587,10228.0,0.9102463824794681,66.25536680277443,2.0
3595.684664625661,7186.0,0.9997216810464793,3595.684664625661,2.0
3587.6964732018882,7202.0,0.9997222993612885,3587.6964732018882,2.0
3592.6849276974417,7192.0,0.9997219132369299,3592.6849276974417,2.0
3497.436353529739,7196.0,0.999722067815453,3497.436353529739,2.0
3518.953020134228,7152.0,0.9997203579418344,3518.953020134228,2.0
3595.684664625661,7186.0,0.9997216810464793,3595.684664625661,2.0
3582.721852468109,7212.0,0.9997226844148641,3582.721852468109,2.0
1980.5920632251555,11894.0,0.9157558432823272,50.81026249379893,2.0
3591.6861273283293,7194.0,0.9997219905476786,3591.6861273283293,2.0
3486.007857358719,6618.0,0.9996977938954367,3486.007857358719,2.0
3517.969247973162,7154.0,0.9997204361196533,3517.969247973162,2.0
3530.64235705951,6856.0,0.999708284714119,3530.64235705951,2.0
4122.6968503937005,7112.0,0.999718785151856,4122.6968503937005,2.0
3497.436353529739,7196.0,0.999722067815453,3497.436353529739,2.0
3459.245175577349,6322.0,0.999683644416324,3459.245175577349,2.0
3513.234474753337,6892.0,0.9997098084735926,3513.234474753337,2.0
3499.3815350389323,7192.0,0.9997219132369299,3499.3815350389323,2.0
2994.9926677946983,7092.0,0.9997179921037789,2994.9926677946983,2.0
3498.408673894912,7194.0,0.9997219905476786,3498.408673894912,2.0
3453.123888182973,6296.0,0.9996823379923762,3453.123888182973,2.0
3496.4645734926366,7198.0,0.999722145040289,3496.4645734926366,2.0
4882.116207090602,7108.0,0.9997186268992684,4882.116207090602,2.0
3590.687882156754,7196.0,0.999722067815453,3590.687882156754,2.0
11682.329493087558,3472.0,0.9245391705069125,225.5321108059117,2.0
20156.037147595358,6030.0,0.9993366500829187,20156.037147595358,2.0
9010.886420787929,4772.0,0.9417435037720033,290.27346492412374,2.0
9029.763490241103,1742.0,0.9977037887485649,6532.328903654486,2.0
27096.8600896861,2230.0,0.9982062780269059,27096.8600896861,2.0
7779.7686104218365,3224.0,0.9987593052109182,7779.7686104218365,2.0
8389.749523809523,2100.0,0.9980952380952381,7402.720168067227,2.0
29243.89533777355,2102.0,0.9980970504281637,27789.632911392404,2.0
11824.404689863843,2644.0,0.9984871406959153,11824.404689863843,2.0
11742.625854568054,3218.0,0.9987569919204475,11742.625854568054,2.0
25515.4446356856,3486.0,0.9988525530694206,25515.4446356856,2.0
7195.888888888889,3222.0,0.9981378026070763,6516.344575604273,2.0
8735.350476190477,2100.0,0.9980952380952381,7720.638047138048,2.0
8301.39798488665,2382.0,0.9974811083123426,5614.403747870528,2.0
8349.334335086402,2662.0,0.9984973703981969,8349.334335086402,2.0
20533.149202733486,1756.0,0.9977220956719818,14948.67744610282,2.0
20816.0680735194,2938.0,0.998638529611981,20816.0680735194,2.0
8240.273949579832,2380.0,0.9983193277310924,8240.273949579832,2.0
2436.305133079848,2104.0,0.9980988593155894,2313.1705776173285,2.0
5605.314285714286,1820.0,0.9978021978021978,4514.014159292035,2.0
35360.189901207465,1822.0,0.9978046103183315,27817.90414507772,2.0
24361.354838709678,3782.0,0.9989423585404548,24361.354838709678,2.0
7248.716931216931,3780.0,0.9989417989417989,7248.716931216931,2.0
8414.757709251102,1816.0,0.9977973568281938,6420.672268907563,2.0
6488.930659415364,2942.0,0.9986403806934059,6488.930659415364,2.0
8279.303691275169,2384.0,0.9983221476510067,8279.303691275169,2.0
22132.150744416875,3224.0,0.9987593052109182,22132.150744416875,2.0
20040.362511893436,2102.0,0.9980970504281637,18283.351562500004,2.0
8749.353512278698,3502.0,0.9988577955454027,8749.353512278698,2.0
5370.293084522503,1822.0,0.9978046103183315,4415.466606498195,2.0
12794.637414965986,2940.0,0.998639455782313,12794.637414965986,2.0
20315.721495327103,3210.0,0.9993769470404984,20315.721495327103,2.0
22712.039010466222,2102.0,0.9980970504281637,21582.597649186257,2.0
6738.796809403862,2382.0,0.998320738874895,6738.796809403862,2.0
8851.400407885792,2942.0,0.9986403806934059,8851.400407885792,2.0
21147.297354497354,3780.0,0.9989417989417989,21147.297354497354,2.0
31028.44928625094,2662.0,0.9984973703981969,31028.44928625094,2.0
24693.426630434784,2944.0,0.998641304347826,24693.426630434784,2.0
7659.6879673691365,2942.0,0.9986403806934059,7659.6879673691365,2.0
18490.04290429043,1818.0,0.9977997799779978,14489.180172413793,2.0
36326.24114225277,3782.0,0.9989423585404548,36326.24114225277,2.0
19703.393839383938,1818.0,0.9977997799779978,15601.380662020903,2.0
17364.700476514638,2938.0,0.998638529611981,17364.700476514638,2.0
19306.0941300899,3782.0,0.9989423585404548,19306.0941300899,2.0
19007.895161290322,3224.0,0.9987593052109182,19007.895161290322,2.0
19210.505285412262,3784.0,0.9989429175475687,19210.505285412262,2.0
19402.4881840796,3216.0,0.9987562189054726,19402.4881840796,2.0
18582.06057142857,3500.0,0.9988571428571429,18582.06057142857,2.0
7536.826984126984,3780.0,0.9989417989417989,7536.826984126984,2.0
19671.158967391304,2944.0,0.998641304347826,19671.158967391304,2.0
9474.28843537415,2940.0,0.998639455782313,9474.28843537415,2.0
18076.671067106712,1818.0,0.9977997799779978,14189.71848013817,2.0
15140.55310880829,1544.0,0.9974093264248705,10181.62630662021,2.0
8277.37619047619,2100.0,0.9980952380952381,7112.31178396072,2.0
16465.199260042282,3784.0,0.9989429175475687,16465.199260042282,2.0
7602.968933669185,2382.0,0.998320738874895,7209.503184713376,2.0
6839.145864661654,2660.0,0.9984962406015038,6839.145864661654,2.0
15300.926736441485,2102.0,0.9980970504281637,13887.110535405873,2.0
19044.195288282703,3226.0,0.9987600743955363,19044.195288282703,2.0
8099.237938596491,1824.0,0.9978070175438597,5995.539772727273,2.0
19581.03481228669,2930.0,0.9986348122866894,19581.03481228669,2.0
37139.57298657718,2384.0,0.9983221476510067,37139.57298657718,2.0
17675.744561839652,3218.0,0.9987569919204475,17675.744561839652,2.0
15796.651315789473,1824.0,0.9978070175438597,12229.665534804753,2.0
7997.0,2380.0,0.9983193277310924,7838.904448105437,2.0
19842.00376222724,2658.0,0.999247554552295,19842.00376222724,2.0
19566.038749150237,2942.0,0.9986403806934059,19566.038749150237,2.0
19520.851222826088,2944.0,0.998641304347826,19520.851222826088,2.0
9919.504539559015,1542.0,0.9974059662775616,6593.05,2.0
19082.613713509843,2946.0,0.9986422267481331,19082.613713509843,2.0
21003.928631402185,2382.0,0.998320738874895,21003.928631402185,2.0
13735.375187969925,2660.0,0.9984962406015038,13735.375187969925,2.0
7610.32925170068,2940.0,0.998639455782313,7610.32925170068,2.0
7856.149160969547,3218.0,0.9987569919204475,7856.149160969547,2.0
11553.657397107898,1798.0,0.9988876529477196,11553.657397107898,2.0
15294.05982324949,2942.0,0.9986403806934059,15294.05982324949,2.0
7803.279489105936,2662.0,0.9984973703981969,7803.279489105936,2.0
19541.86081982841,2098.0,0.9990467111534795,19541.86081982841,2.0
18903.091868404717,3222.0,0.9987585350713842,18903.091868404717,2.0
18764.543194530765,3218.0,0.9987569919204475,18764.543194530765,2.0
5578.564242012237,2942.0,0.9993201903467029,5578.564242012237,2.0
18158.959451741863,3502.0,0.9988577955454027,18158.959451741863,2.0
2742.2227956989245,4650.0,0.9432258064516129,53.70566482752811,2.0
8107.304030373832,6848.0,0.9997079439252337,8107.304030373832,2.0
8562.26199476592,6878.0,0.9997092177958709,8562.26199476592,2.0
6586.295527623502,6842.0,0.9997076878105817,6586.295527623502,2.0
6263.654303902574,7226.0,0.9997232216994187,6263.654303902574,2.0
6099.142776840922,7116.0,0.9997189432265318,6099.142776840922,2.0
12921.737514982022,5006.0,0.9852177387135438,1010.437970570777,2.0
11887.609599510854,6542.0,0.9877713237542036,1118.9747050359713,2.0
3686.766174801362,5286.0,0.9996216420734014,3686.766174801362,2.0
12238.657745336577,2466.0,0.9991889699918897,12238.657745336577,2.0
12370.811643835616,2336.0,0.9991438356164384,12370.811643835616,2.0
15717.950731331794,2598.0,0.9992301770592764,15717.950731331794,2.0
8172.021549213745,6868.0,0.9997087944088526,8172.021549213745,2.0
8315.032643544157,6862.0,0.9997085397843194,8315.032643544157,2.0
8759.054926387316,3532.0,0.9994337485843715,8759.054926387316,2.0
7444.764705882353,6868.0,0.9997087944088526,7444.764705882353,2.0
10678.90076923077,2600.0,0.9992307692307693,10678.90076923077,2.0
9354.527583527584,2574.0,0.9992229992229992,9354.527583527584,2.0
12028.551724137931,2552.0,0.9992163009404389,12028.551724137931,2.0
14786.252501924557,2598.0,0.9992301770592764,14786.252501924557,2.0
15453.865054602184,2564.0,0.999219968798752,15453.865054602184,2.0
8825.155613728912,6876.0,0.9997091332169866,8825.155613728912,2.0
8006.418631732169,6870.0,0.9997088791848617,8006.418631732169,2.0
10490.863136176065,2908.0,0.9883081155433288,1034.500847744998,2.0
6930.022580645162,6820.0,0.9920821114369501,1012.3105294722413,2.0
7721.524209915918,6898.0,0.9997100608872137,7721.524209915918,2.0
10041.544901506373,6904.0,0.9997103128621089,10041.544901506373,2.0
4253.239344262295,1220.0,0.9426229508196722,116.1827056558148,2.0
16777.999215686275,2550.0,0.9992156862745099,16777.999215686275,2.0
12623.67474589523,2558.0,0.9992181391712275,12623.67474589523,2.0
14543.394509803922,2550.0,0.9992156862745099,14543.394509803922,2.0
14416.127329192546,2576.0,0.9992236024844721,14416.127329192546,2.0
7285.60219478738,2916.0,0.99039780521262,1893.4773618538325,2.0
1331.448275862069,6206.0,0.9987109249113761,1331.448275862069,2.0
7068.630615640599,10818.0,0.9861342207432058,3883.6183849669883,2.0
8276.694892105981,7322.0,0.9994537011745425,8276.694892105981,2.0
8262.762665198237,7264.0,0.9994493392070485,8262.762665198237,2.0
11370.919207317073,2624.0,0.9550304878048781,300.8398064125832,2.0
6843.784383318545,2254.0,0.06388642413487133,1.3206964176218083,3.0
9487.377507163324,2792.0,0.08882521489971347,1.4264861516111917,3.0
8546.203329369799,3364.0,0.07253269916765755,1.307237949959118,3.0
9215.549795361529,2932.0,0.13915416098226466,1.2818065298906272,3.0
5892.697452229299,3768.0,0.13004246284501061,1.2791474226287418,3.0
7672.460390355913,5226.0,0.08036739380022963,1.2310614773642352,3.0
7749.844987363101,2374.0,0.21145745577085087,1.5269282040156646,3.0
10127.048370136697,1902.0,0.09884332281808622,1.7453618661416408,3.0
8375.389027431422,2406.0,0.1396508728179551,1.525211973064601,3.0
10236.190476190477,2520.0,0.05634920634920635,1.1453397576649478,3.0
247.17458279845957,3116.0,0.07060333761232349,1.1173077704212195,3.0
475.9654913728432,2666.0,0.3300825206301575,1.1031033049876469,3.0
3673.7919694072657,5230.0,0.011089866156787764,11.739821561901596,3.0
4983.292415402567,8570.0,0.0018669778296382731,7.023301799849097,3.0
13740.298231180584,4862.0,0.19868366927190456,5.070560941458213,3.0
507.675,7760.0,0.01907216494845361,1.889251542262599,3.0
233.51233671988388,5512.0,0.04898403483309144,1.31317871848971,3.0
698.8672566371681,2486.0,0.003218020917135961,2.1021793947255065,3.0
14295.765194875989,14676.0,0.0,28.19821562205659,3.0
3673.7919694072657,5230.0,0.012237093690248566,11.739821561901596,3.0
19817.640462889067,5012.0,0.04309656823623304,7.399407010535993,3.0
8461.959392655368,11328.0,0.03884180790960452,1.6536182101039674,3.0
6863.745719178082,4672.0,0.0488013698630137,1.0112700561834567,3.0
17403.517938553025,10090.0,0.014469772051536175,3.758631797762675,3.0
6870.908126221726,7162.0,0.17704551801172858,1.2552181418286519,3.0
6277.322052704577,7210.0,0.08599167822468794,1.058339132516958,3.0
233.51233671988388,5512.0,0.04898403483309144,1.31317871848971,3.0
703.3517550410754,2678.0,0.0619865571321882,1.105721105359493,3.0
253.6700767263427,8602.0,0.01441525226691467,1.1459789612995048,3.0
466.11115384615385,5200.0,0.2469230769230769,1.8341861869497507,3.0
7040.426382411725,9006.0,0.14634687985787254,44.63431528796932,3.0
7879.13344182262,4916.0,0.12978030919446704,1.719558252515111,3.0
4879.878231859883,7194.0,0.17597998331943285,4.422522741336322,3.0
5059.832434147889,6302.0,0.21866074262139004,4.970367398370866,3.0
1752.3205292360221,4686.0,0.21724285104566796,2.3287371394960896,3.0
31997.392895204262,5630.0,0.07779751332149201,5.315890797937847,3.0
206.75945945945946,5180.0,0.07722007722007722,1.364376853540964,3.0
384.080701754386,5130.0,0.09317738791423003,1.4364050179629544,3.0
13680.801829268292,2624.0,0.18521341463414634,2.3414769432665885,3.0
305.79189077368636,4834.0,0.06247414149772445,1.7810301120043182,3.0
301.5798122065728,2556.0,0.2190923317683881,2.3936689521538232,3.0
1960.8161073825504,7450.0,0.042953020134228186,3.2415232235405016,3.0
6645.397194950911,7130.0,0.12482468443197756,18.19162262899161,3.0
12821.664301310044,7328.0,0.03711790393013101,5.55486649057199,3.0
13277.940694178737,7318.0,0.05793932768515988,7.028026041778173,3.0
535.3152050759121,8826.0,0.03444368910038523,1.1990934516346805,3.0
419.3884928716904,7856.0,0.17540733197556008,1.2880892881158732,3.0
470.40179651062357,11578.0,0.18932458110209016,1.2709616143041498,3.0
621.9584915897992,7372.0,0.2840477482365708,1.4032536568137592,3.0
476.97280966767374,7282.0,0.30760780005493,1.1979132752445962,3.0
660.5023448275862,7250.0,0.34593103448275864,1.5699199343266084,3.0
624.6630675526025,7224.0,0.27297895902547065,1.434680318158956,3.0
636.1209352324644,7442.0,0.26605751142166084,1.5232571234774708,3.0
645.8393152954169,7244.0,0.270844837106571,1.5912371519723552,3.0
602.3536619326093,7182.0,0.3013088276246171,1.6686070281920695,3.0
433.9652,5000.0,0.3352,1.0921177004700005,3.0
582.8237049091402,7374.0,0.28152969894222946,1.3633108427467067,3.0
582.4352102286698,8134.0,0.30882714531595773,1.3108451283334006,3.0
6544.900848765432,5184.0,0.030864197530864196,1.0926934698160227,3.0
6544.900848765432,5184.0,0.030864197530864196,1.0926934698160227,3.0
330.6078059871163,5278.0,0.03599848427434634,1.124886057572675,3.0
416.14223871366727,3234.0,0.12987012987012986,1.1108081026516359,3.0
245.93037619314993,3562.0,0.01403705783267827,1.1041334230752748,3.0
560.2186341979883,7556.0,0.014028586553732134,2.4876014019383605,3.0
9779.052439286483,9306.0,0.16183107672469374,57.315447054111054,3.0
9918.621205989479,9884.0,0.14346418454067178,60.610566638721764,3.0
9082.318540095956,11672.0,0.015078821110349555,29.9468577908177,3.0
330.6078059871163,5278.0,0.03599848427434634,1.124886057572675,3.0
416.14223871366727,3234.0,0.12987012987012986,1.1108081026516359,3.0
6544.900848765432,5184.0,0.030864197530864196,1.0926934698160227,3.0
6544.900848765432,5184.0,0.030864197530864196,1.0926934698160227,3.0
16627.108038348084,5424.0,0.06489675516224189,2.839364315402444,3.0
17002.572156862745,5100.0,0.01019607843137255,2.636816319490733,3.0
4559.572033898305,7080.0,0.051694915254237285,3.562037514981695,3.0
266.7173913043478,2852.0,0.07503506311360449,1.868244089576139,3.0
6054.1854580397185,6244.0,0.06630365150544523,30.829049610501457,3.0
12873.7071616048,5334.0,0.007124109486314211,46.36113672913564,3.0
1590.5726962457338,5860.0,0.289419795221843,19.522442704602483,3.0
5959.057598039216,6528.0,0.36213235294117646,59.93062351331698,3.0
9590.325714285715,7350.0,0.15020408163265306,58.70992229079734,3.0
4332.921119592876,4716.0,0.18490245971162,81.3386407241404,3.0
4359.22449832776,4784.0,0.18352842809364547,82.11673399957475,3.0
10315.432244897958,4900.0,0.1036734693877551,49.749428151857664,3.0
9804.927229108356,5002.0,0.16473410635745703,51.358242996447956,3.0
428.3996302165874,7572.0,0.012942419440042261,1.8338892557348578,3.0
6296.526066350711,3376.0,0.08471563981042654,2.997391092715054,3.0
7437.153579676675,5196.0,0.11816782140107775,1.784237777400195,3.0
7522.492631578947,5700.0,0.0912280701754386,1.0883605483068761,3.0
5931.926191480388,4742.0,0.0906790383804302,1.0572717952696313,3.0
5968.971044901385,4766.0,0.045740663029794376,1.006814729078827,3.0
7165.830118998769,4874.0,0.06975789905621665,1.030530579795635,3.0
4481.980829420971,5112.0,0.07081377151799687,4.811046227177759,3.0
3271.0806904857486,4982.0,0.1862705740666399,3.1764787518414836,3.0
4822.266555370061,7188.0,0.10795770728992765,1.0076286570248523,3.0
6345.517216981132,8480.0,0.13962264150943396,1.0490937395231947,3.0
6296.738648648648,7400.0,0.14189189189189189,1.0520518343609209,3.0
323.265476642613,5266.0,0.057349031522977593,1.1836928254551018,3.0
327.5476377952756,5080.0,0.03740157480314961,1.160418044013736,3.0
141.92255758538522,5036.0,0.3383637807783956,1.1743513908742873,3.0
143.2516155088853,4952.0,0.2859450726978998,1.013651925901793,3.0
120.12302070645555,4926.0,0.26025172553796183,1.0917534446748685,3.0
142.68942115768462,5010.0,0.274251497005988,1.0716754964306165,3.0
174.30073729142413,5154.0,0.220023282887078,1.1412930519736257,3.0
283.4012048192771,4980.0,0.04899598393574297,1.018898899766092,3.0
873.6666666666666,42.0,0.9047619047619048,8.521597770552717,4.0
873.6666666666666,42.0,0.9047619047619048,8.521597770552717,4.0
873.6666666666666,42.0,0.9047619047619048,8.521597770552717,4.0
5218.571428571428,42.0,0.9047619047619048,7.991686720630059,4.0
2176.682926829268,82.0,0.926829268292683,40.58390177353342,4.0
14.8603031544449,4882.0,0.9979516591560835,8.601849656153663,4.0
25.571428571428573,42.0,0.9047619047619048,1.79,4.0
15.20049710024855,7242.0,0.9986191659762497,8.427652733118972,4.0
189.61904761904762,42.0,0.9047619047619048,2.748102139406487,4.0
873.6666666666666,42.0,0.9047619047619048,8.521597770552717,4.0
6252.707317073171,82.0,0.9512195121951219,346.9025710419486,4.0
873.6666666666666,42.0,0.9047619047619048,8.521597770552717,4.0
189.61904761904762,42.0,0.9047619047619048,2.8101623147494705,4.0
873.6666666666666,42.0,0.9523809523809523,8.521597770552717,4.0
719.1904761904761,42.0,0.9047619047619048,10.156691324815062,4.0
5746.9047619047615,42.0,0.9523809523809523,7.3191218388016255,4.0
873.6666666666666,42.0,0.9047619047619048,8.521597770552717,4.0
30.052416052416053,2442.0,0.9975429975429976,8.450944265315522,4.0
13.610762086861513,7322.0,0.9986342529363562,10.365924693155815,4.0
715.8571428571429,42.0,0.9523809523809523,11.94992050874404,4.0
874.047619047619,42.0,0.9047619047619048,8.493752892179547,4.0
1672.3960396039604,202.0,0.9702970297029703,99.3015873015873,4.0
8147.585365853659,82.0,0.9512195121951219,86.83415648557317,4.0
3.567901234567901,162.0,0.9629629629629629,3.567901234567901,4.0
873.6666666666666,42.0,0.9047619047619048,8.521597770552717,4.0
22.0,42.0,0.9047619047619048,1.11864406779661,4.0
58.75409836065574,122.0,0.9344262295081968,2.789105058365759,4.0
874.047619047619,42.0,0.9047619047619048,8.493752892179547,4.0
631.7165861513688,1242.0,0.9951690821256038,37.651981956041844,4.0
26.317073170731707,82.0,0.9512195121951219,1.6056547619047619,4.0
1.5853658536585367,82.0,0.975609756097561,1.5853658536585367,4.0
6358.098360655737,122.0,0.9672131147540983,100.81726020275539,4.0
88.97560975609755,82.0,0.9512195121951219,2.838910505836576,4.0
3.0952380952380953,42.0,0.9523809523809523,3.0952380952380953,4.0
3.0952380952380953,42.0,0.9523809523809523,3.0952380952380953,4.0
58.285714285714285,42.0,0.9047619047619048,17.73913043478261,4.0
0.5072765072765073,962.0,0.997920997920998,0.5072765072765073,4.0
3.0952380952380953,42.0,0.9523809523809523,3.0952380952380953,4.0
14.952380952380953,42.0,0.9047619047619048,4.55072463768116,4.0
3.0952380952380953,42.0,0.9523809523809523,3.0952380952380953,4.0
278.14285714285717,42.0,0.9047619047619048,4.220375722543354,4.0
3.567901234567901,162.0,0.9506172839506173,3.567901234567901,4.0
0.9267886855241264,1202.0,0.9983361064891847,0.9267886855241264,4.0
36.54320987654321,162.0,0.9506172839506173,2.523444160272805,4.0
3.0952380952380953,42.0,0.9523809523809523,3.0952380952380953,4.0
875.1428571428571,42.0,0.9523809523809523,8.418689876316995,4.0
345.3809523809524,42.0,0.9523809523809523,14.001930501930502,4.0
12.047619047619047,42.0,0.9047619047619048,1.003968253968254,4.0
27.083160083160084,962.0,0.9937629937629938,4.430952380952381,4.0
875.1428571428571,42.0,0.9047619047619048,8.418689876316995,4.0
13.761904761904763,42.0,0.9047619047619048,4.313432835820896,4.0
252.38095238095238,42.0,0.9047619047619048,6.272189349112425,4.0
173.71428571428572,42.0,0.9047619047619048,2.838910505836576,4.0
8962.609756097561,82.0,0.9512195121951219,95.52040551078763,4.0
7404.761904761905,42.0,0.9047619047619048,40.42110735638159,4.0
6.619047619047619,42.0,0.9047619047619048,3.971428571428571,4.0
1855.888888888889,162.0,0.9382716049382716,9.10135012411455,4.0
0.5548172757475083,602.0,0.9933554817275747,0.5548172757475083,4.0
820.7619047619048,42.0,0.9523809523809523,11.339473684210528,4.0
15.047619047619047,42.0,0.9523809523809523,4.0,4.0
3.0952380952380953,42.0,0.9523809523809523,3.0952380952380953,4.0
4.737704918032787,122.0,0.9508196721311475,4.587301587301587,4.0
3.1707317073170733,82.0,0.9512195121951219,3.1707317073170733,4.0
4239.142857142857,42.0,0.9047619047619048,40.48294679399727,4.0
7.048780487804878,82.0,0.926829268292683,4.313432835820896,4.0
7.048780487804878,82.0,0.9512195121951219,4.587301587301587,4.0
21.392265193370164,362.0,0.9558011049723757,3.8035363457760316,4.0
3.567901234567901,162.0,0.9629629629629629,3.567901234567901,4.0
314.390243902439,82.0,0.9512195121951219,4.953881629515757,4.0
11.952380952380953,42.0,0.9047619047619048,1.9763779527559056,4.0
30419.48780487805,82.0,0.9512195121951219,324.20041590850013,4.0
0.5795724465558195,842.0,0.997624703087886,0.5795724465558195,4.0
971.6666666666666,42.0,0.9047619047619048,180.57522123893804,4.0
23.285714285714285,42.0,0.9047619047619048,8.01639344262295,4.0
3.0952380952380953,42.0,0.9523809523809523,3.0952380952380953,4.0
543.4786048184106,5562.0,0.9935275080906149,324.6164089347079,4.0
22.0,42.0,0.9047619047619048,1.11864406779661,4.0
58.06930693069307,202.0,0.9702970297029703,6.949052132701421,4.0
2.3884297520661155,242.0,0.9586776859504132,2.3884297520661155,4.0
1909.3902439024391,82.0,0.926829268292683,20.34962308292176,4.0
1.5853658536585367,82.0,0.975609756097561,1.5853658536585367,4.0
13.707182320441989,362.0,0.9668508287292817,2.6115789473684208,4.0
2.049645390070922,282.0,0.9574468085106383,2.049645390070922,4.0
4.323561346362649,1842.0,0.997828447339848,2.810162314749471,4.0
71.33333333333333,162.0,0.9753086419753086,6.845971563981042,4.0
53.0655737704918,122.0,0.9508196721311475,2.606280193236715,4.0
23.285714285714285,42.0,0.9047619047619048,8.01639344262295,4.0
94.76190476190476,42.0,0.9047619047619048,3.4075342465753424,4.0
3.0952380952380953,42.0,0.9523809523809523,3.0952380952380953,4.0
71.9672131147541,122.0,0.9508196721311475,6.591591591591593,4.0
19.857142857142858,42.0,0.9047619047619048,1.0270935960591134,4.0
2854.487804878049,82.0,0.9512195121951219,30.42214712763192,4.0
0.5795724465558195,842.0,0.997624703087886,0.5795724465558195,4.0
2.1311475409836067,122.0,0.9836065573770492,2.1311475409836067,4.0
3.0952380952380953,42.0,0.9523809523809523,3.0952380952380953,4.0
8895.365853658537,82.0,0.926829268292683,94.80374317650117,4.0
3.4653465346534653,202.0,0.9504950495049505,3.4653465346534653,4.0
9043.90243902439,82.0,0.9512195121951219,96.38679490512088,4.0
5.060722521137587,2602.0,0.9984627209838586,5.060722521137587,4.0
4.737704918032787,122.0,0.9508196721311475,4.313432835820895,4.0
3.0952380952380953,42.0,0.9523809523809523,3.0952380952380953,4.0
299.2926829268293,82.0,0.926829268292683,4.672886519421174,4.0
34.77049180327869,122.0,0.9672131147540983,4.094594594594595,4.0
6352.634146341464,82.0,0.9512195121951219,71.24124726477024,4.0
7.048780487804878,82.0,0.9512195121951219,4.587301587301587,4.0
12.047619047619047,42.0,0.9047619047619048,1.003968253968254,4.0
24.146350233728874,5562.0,0.9949658396260338,24.146350233728874,4.0
2.5460992907801416,282.0,0.9645390070921985,2.5460992907801416,4.0
2.3884297520661155,242.0,0.9669421487603306,2.3884297520661155,4.0
8326.170731707318,82.0,0.9512195121951219,88.73745775929297,4.0
3.0952380952380953,42.0,0.9523809523809523,3.0952380952380953,4.0
4.737704918032787,122.0,0.9508196721311475,4.313432835820895,4.0
173.71428571428572,42.0,0.9047619047619048,2.838910505836576,4.0
3.0952380952380953,42.0,0.9523809523809523,3.0952380952380953,4.0
3.0952380952380953,42.0,0.9523809523809523,3.0952380952380953,4.0
684.016393442623,122.0,0.9836065573770492,684.016393442623,4.0
275.14285714285717,42.0,0.9047619047619048,6.845971563981044,4.0
1105.530864197531,162.0,0.9382716049382716,39.97678571428572,4.0
27.236127508854782,5082.0,0.9980322707595435,11.364039408866995,4.0
2.3884297520661155,242.0,0.9504132231404959,2.3884297520661155,4.0
2.6831683168316833,202.0,0.9603960396039604,2.6831683168316833,4.0
8251.121951219513,82.0,0.9512195121951219,87.93761372498051,4.0
14.804979253112034,482.0,0.983402489626556,2.776653696498055,4.0
70.23456790123457,162.0,0.9629629629629629,7.636241610738255,4.0
3.567901234567901,162.0,0.9629629629629629,3.567901234567901,4.0
276.5238095238095,42.0,0.9047619047619048,6.880331753554502,4.0
2.8037653874004347,2762.0,0.9934829833454019,2.8037653874004347,4.0
1.1493212669683257,442.0,0.9909502262443439,1.1493212669683257,4.0
2.3884297520661155,242.0,0.9504132231404959,2.3884297520661155,4.0
3.0952380952380953,42.0,0.9523809523809523,3.0952380952380953,4.0
5.624113475177305,282.0,0.9645390070921985,5.624113475177305,4.0
5535.606557377049,122.0,0.9508196721311475,87.77540940992982,4.0
94.72131147540983,122.0,0.9672131147540983,6.845971563981043,4.0
198.53658536585365,82.0,0.9512195121951219,8.954895489548955,4.0
6015.731707317073,82.0,0.926829268292683,64.113595009098,4.0
7.048780487804878,82.0,0.9512195121951219,4.313432835820896,4.0
2.8613861386138613,202.0,0.9504950495049505,2.8613861386138613,4.0
3.0773480662983426,362.0,0.994475138121547,2.1423076923076922,4.0
3.0952380952380953,42.0,0.9523809523809523,3.0952380952380953,4.0
1.5853658536585367,82.0,1.0,1.5853658536585367,4.0
2.5371900826446283,242.0,0.9669421487603306,2.5371900826446283,4.0
3763.682926829268,82.0,0.9512195121951219,40.11203535222251,4.0
118.8780487804878,82.0,0.9512195121951219,4.825742574257426,4.0
1.5853658536585367,82.0,0.975609756097561,1.5853658536585367,4.0
132.72131147540983,122.0,0.9672131147540983,14.746812386156648,4.0
931.3170731707318,82.0,0.9512195121951219,140.90036900369006,4.0
549.4285714285714,42.0,0.9047619047619048,164.82857142857142,4.0
3.0952380952380953,42.0,0.9523809523809523,3.0952380952380953,4.0
3.0952380952380953,42.0,0.9523809523809523,3.0952380952380953,4.0
1.5853658536585367,82.0,0.975609756097561,1.5853658536585367,4.0
2.8613861386138613,202.0,0.9603960396039604,2.8613861386138613,4.0
3.0952380952380953,42.0,0.9523809523809523,3.0952380952380953,4.0
0.5795724465558195,842.0,0.997624703087886,0.5795724465558195,4.0
17.666666666666668,42.0,0.9047619047619048,2.7279411764705883,4.0
1375.0,82.0,0.926829268292683,14.654276059266962,4.0
5.885245901639344,122.0,0.9508196721311475,5.056338028169014,4.0
142.34146341463415,82.0,0.9512195121951219,6.914691943127962,4.0
0.5292841648590022,922.0,0.9978308026030369,0.5292841648590022,4.0
0.5532879818594104,882.0,0.9977324263038548,0.5532879818594104,4.0
3.0952380952380953,42.0,0.9523809523809523,3.0952380952380953,4.0
5.742081447963801,442.0,0.9819004524886877,3.743362831858407,4.0
8439.463414634147,82.0,0.9512195121951219,89.94489212373279,4.0
0.5292841648590022,922.0,0.9978308026030369,0.5292841648590022,4.0
2.9669421487603307,242.0,0.9669421487603306,2.9669421487603307,4.0
59.714285714285715,42.0,0.9047619047619048,2.929906542056075,4.0
6871.8536585365855,82.0,0.926829268292683,73.23784767351182,4.0
7954.951219512195,82.0,0.926829268292683,84.7811281518066,4.0
189702.61904761905,42.0,0.9047619047619048,1269.1159604969735,4.0
1.127659574468085,282.0,0.9716312056737588,1.127659574468085,4.0
276.5238095238095,42.0,0.9047619047619048,6.880331753554502,4.0
2.8613861386138613,202.0,0.9603960396039604,2.8613861386138613,4.0
39658.76190476191,42.0,0.9047619047619048,1601.6038461538462,4.0
7887.707317073171,82.0,0.9512195121951219,84.06446581752014,4.0
3145.5853658536585,82.0,0.9512195121951219,33.524564595788924,4.0
2.1311475409836067,122.0,0.9836065573770492,2.1311475409836067,4.0
4.737704918032787,122.0,0.9508196721311475,4.313432835820895,4.0
3.0952380952380953,42.0,0.9523809523809523,3.0952380952380953,4.0
4.248618784530387,362.0,0.994475138121547,2.24198250728863,4.0
3.567901234567901,162.0,0.9506172839506173,3.567901234567901,4.0
3.567901234567901,162.0,0.9629629629629629,3.567901234567901,4.0
244.76190476190476,42.0,0.9047619047619048,6.640826873385014,4.0
31.04950495049505,202.0,0.9603960396039604,3.4728682170542635,4.0
6631.609756097561,82.0,0.9512195121951219,70.6774109695867,4.0
3.0952380952380953,42.0,0.9523809523809523,3.0952380952380953,4.0
2.5460992907801416,282.0,0.9645390070921985,2.5460992907801416,4.0
63006.619047619046,42.0,0.9523809523809523,337.36333503314637,4.0
1.56198347107438,242.0,0.9586776859504132,1.56198347107438,4.0
5.401425178147268,842.0,0.995249406175772,1.9238578680203045,4.0
68.14634146341463,82.0,0.9512195121951219,5.08,4.0
23.285714285714285,42.0,0.9047619047619048,8.01639344262295,4.0
1.5853658536585367,82.0,0.975609756097561,1.5853658536585367,4.0
109.0,82.0,0.926829268292683,5.320238095238095,4.0
0.341645885286783,802.0,0.9975062344139651,0.341645885286783,4.0
87.41463414634147,82.0,0.9512195121951219,2.789105058365759,4.0
3.0952380952380953,42.0,1.0,3.0952380952380953,4.0
195.04918032786884,122.0,0.9508196721311475,4.020953024670496,4.0
6588.5609756097565,82.0,0.9512195121951219,70.21861190538083,4.0
3.0952380952380953,42.0,0.9523809523809523,3.0952380952380953,4.0
106.34146341463415,82.0,0.975609756097561,18.793103448275865,4.0
19.263681592039802,402.0,0.9552238805970149,3.013229571984436,4.0
11.952380952380953,42.0,0.9047619047619048,1.9763779527559056,4.0
26.523809523809526,42.0,0.9047619047619048,2.1589147286821704,4.0
170.66666666666666,42.0,0.9047619047619048,2.7891050583657586,4.0
2.7943262411347516,282.0,0.9716312056737588,2.7943262411347516,4.0
